COD_ID,DIST,POS,NOME,DESCR,Shape_Length,Shape_Area,geometry
12873477,6600,PD,SE CAAPORÃ, ,0.002215255828062383,3.0225068235021274e-07,"MULTIPOLYGON (((-34.88804494182057 -7.5141292857379085, -34.88772035670905 -7.514321229840846, -34.8878750742752 -7.514846924945573, -34.8883851310689 -7.5145844461152365, -34.888232487339394 -7.51411687869097, -34.8881241010464 -7.514172347076112, -34.88808703009232 -7.5141244473853135, -34.88804494182057 -7.5141292857379085)))"
12873478,6600,PD,SE CRISTO, ,0.002024138862338011,2.552185934573967e-07,"MULTIPOLYGON (((-34.876896031126876 -7.167490240881875, -34.87737222574759 -7.1674298235274705, -34.8772947806296 -7.1669004663833675, -34.876824010719474 -7.166960571672973, -34.876896031126876 -7.167490240881875)))"
12873479,6600,PD,SE DISTRITO INDUSTRIAL, ,0.0031375221907588317,5.437932886314056e-07,"MULTIPOLYGON (((-34.90729868488637 -7.181015382553824, -34.90731490685744 -7.18100984273002, -34.907129918111195 -7.180399651822427, -34.907011630282454 -7.180018891458644, -34.906518206450016 -7.180174107249229, -34.90670460263527 -7.18082879481301, -34.906760256280734 -7.18088929760296, -34.90675521468137 -7.180907480096096, -34.90674386883444 -7.180953668377072, -34.906814904484236 -7.181163104293773, -34.90681702148828 -7.181168807794222, -34.90681869692526 -7.181173334981395, -34.9069441451561 -7.181127984868567, -34.90729868488637 -7.181015382553824)))"
12873480,6600,PD,SE-PARATIBE, ,0.0021950861615351327,2.7697396959663897e-07,"MULTIPOLYGON (((-34.82947790658011 -7.211144015583784, -34.82916111949004 -7.210605903539545, -34.828863571596514 -7.210896234373649, -34.8291439730159 -7.211500691203867, -34.82947790658011 -7.211144015583784)))"
12873481,6600,PD,SE ORATORIO, ,0.003782022335720604,8.934863043874536e-07,"MULTIPOLYGON (((-35.148282577978534 -7.38516296369977, -35.14828519680435 -7.386112422949907, -35.14921636744134 -7.386114149648222, -35.14920450988018 -7.38513518454107, -35.148282577978534 -7.38516296369977)))"
12873482,6600,PD,SE CONDE, ,0.0026047220139159407,4.1727758839524635e-07,"MULTIPOLYGON (((-34.93680514803913 -7.262529788019265, -34.937532744540476 -7.2622833773759226, -34.9373806233171 -7.2619050937450424, -34.937302027966155 -7.261711371682395, -34.93671409617855 -7.261952718243322, -34.93680514803913 -7.262529788019265)))"
12873483,6600,PD,SE JOÃO PESSOA, ,0.0033001280486016373,6.822483867098098e-07,"MULTIPOLYGON (((-34.86722350236272 -7.129493909616201, -34.86706726584163 -7.129610169473722, -34.86746716467786 -7.1303051808394, -34.868189134121224 -7.129930157250897, -34.867790556389025 -7.129228750806135, -34.86773359333063 -7.129264873874774, -34.86771939123685 -7.129226849639338, -34.86769845322101 -7.129214662026982, -34.86722350236272 -7.129493909616201)))"
12873485,6600,PD,SE LUCENA, ,0.0021412148411122404,2.5484487606317376e-07,"MULTIPOLYGON (((-34.90735528371931 -6.945160833905334, -34.907691774955424 -6.945168165178643, -34.90773250615018 -6.944468748933559, -34.90735405974203 -6.944436601767734, -34.90735528371931 -6.945160833905334)))"
12873486,6600,PD,SE MATA REDONDA, ,0.0024626099883458233,3.3067072632940536e-07,"MULTIPOLYGON (((-34.95066103248064 -7.335161256886465, -34.950964689468776 -7.335104890078583, -34.95088827767182 -7.33466970274452, -34.950260053558566 -7.334795872231666, -34.95036515822545 -7.335376150788704, -34.95068613525689 -7.335313624524133, -34.95066103248064 -7.335161256886465)))"
12873487,6600,PD,SE RIO TINTO, ,0.001711977413392862,1.8068731439292192e-07,"MULTIPOLYGON (((-35.10133834398931 -6.815618921476016, -35.10100118815427 -6.815449493699134, -35.100876370348146 -6.815698220996069, -35.10078734106287 -6.815876207620818, -35.101118052356185 -6.816049734507601, -35.10122629925428 -6.815840314778654, -35.10133834398931 -6.815618921476016)))"
12873488,6600,PD,SE MANGABEIRA, ,0.00409138211879692,8.933297671956266e-07,"MULTIPOLYGON (((-34.820330773446415 -7.161044937373902, -34.820328160016516 -7.161014449457241, -34.82020446816165 -7.161062358141294, -34.82017702984598 -7.161083699952769, -34.82014349412691 -7.16113509261038, -34.82012999260502 -7.161179081149612, -34.82013957398209 -7.161274898517718, -34.820084696451545 -7.161289053846701, -34.82007751086837 -7.161258783565984, -34.82004702295171 -7.1612150126626375, -34.820014793947564 -7.161191494491845, -34.81998844381161 -7.161180605500476, -34.81996361892584 -7.161175379540111, -34.819934002452214 -7.161173201382098, -34.8199039507067 -7.161178863513669, -34.819365631818414 -7.161383782135772, -34.819482136291526 -7.161804725107913, -34.819579914181645 -7.162225885715998, -34.82038390809083 -7.162188212216165, -34.820330773446415 -7.161044937373902)))"
12912327,6600,PD,SE SANTA LUZIA, ,0.0036885749381961154,8.44981250121694e-07,"MULTIPOLYGON (((-36.93201253814806 -6.877332416557749, -36.93129532072243 -6.876722897443699, -36.93079075069255 -6.8774759384637605, -36.93147223805329 -6.878085303793682, -36.93201253814806 -6.877332416557749)))"
12912328,6600,PD,SE UIRAUNA, ,0.0013726363908358314,1.0577895105180937e-07,"MULTIPOLYGON (((-38.415870578564295 -6.5282105377860375, -38.41589496817818 -6.527970122922795, -38.41566558709712 -6.527949798244549, -38.41566210312351 -6.527923085681834, -38.41554450957142 -6.527917568341081, -38.41553652449096 -6.527973752586547, -38.415512860629974 -6.527972445871626, -38.41548876059778 -6.527984640678596, -38.41546582248969 -6.528003223370035, -38.415455950631554 -6.52802064503669, -38.4154510151522 -6.528041841157972, -38.415446949317186 -6.528075376877098, -38.415439981370014 -6.52812531802897, -38.41543330300448 -6.528179614597491, -38.415870578564295 -6.5282105377860375)))"
12912329,6600,PD,SE COREMAS, ,0.004245524290472218,9.251684990007462e-07,"MULTIPOLYGON (((-37.94288557081239 -7.021027536491545, -37.941972729258 -7.021053787702101, -37.94199301346674 -7.021251634954922, -37.94181771851288 -7.0212267291302055, -37.94182874510045 -7.021354913998039, -37.94201350541891 -7.0213572297523115, -37.94203617732768 -7.022180687688547, -37.94292129548137 -7.021924555373857, -37.94288557081239 -7.021027536491545)))"
12912330,6600,PD,SE MALTA, ,0.003584019339885576,8.031505553621468e-07,"MULTIPOLYGON (((-37.526455663797776 -6.9036135277420385, -37.52610911364462 -6.903516962138042, -37.52557991747915 -6.903374164186289, -37.525337415289414 -6.904247246712998, -37.52620212512795 -6.9044565540266944, -37.526455663797776 -6.9036135277420385)))"
12912331,6600,PD,SE SAO GONÇALO, ,0.0011271697194590383,7.411439690527241e-08,"MULTIPOLYGON (((-38.313394300006905 -6.844360886245852, -38.31318871318854 -6.844337978714691, -38.313179503231424 -6.844702676287454, -38.31337460125678 -6.844719597931032, -38.313387314073225 -6.84462635801998, -38.313394300006905 -6.844360886245852)))"
12912332,6600,PD,SE ARARUNA, ,0.002878423733977197,4.1871933861666245e-07,"MULTIPOLYGON (((-35.73322972257358 -6.534480763976035, -35.73318312060451 -6.534491652068027, -35.7331025467451 -6.5343845113361, -35.73297058022803 -6.534440694682246, -35.73326064486281 -6.535127530311229, -35.733673530808744 -6.534955059228537, -35.7336506304722 -6.534526401871915, -35.733638688374754 -6.534181552336747, -35.73322623770065 -6.534335295937126, -35.73322754441563 -6.534448098800681, -35.73322972257358 -6.534480763976035)))"
12912333,6600,PD,SE MONTEIRO, ,0.0018886482521721564,2.0786572568728325e-07,"MULTIPOLYGON (((-37.119719989785665 -7.901689229274439, -37.119719989785665 -7.901689229274439, -37.11949195049306 -7.901426650619385, -37.11944524779989 -7.9014676668992365, -37.119407554514964 -7.901421388686117, -37.119110015614694 -7.901688835371431, -37.11940178446474 -7.902095179648768, -37.119616380691355 -7.901782065389966, -37.119719989785665 -7.901689229274439)))"
12912334,6600,PD,SE PICUI, ,0.004106110244489714,8.872354701210381e-07,"MULTIPOLYGON (((-36.3572188977339 -6.511372478057353, -36.356566000720306 -6.510925266787581, -36.356201831948965 -6.511762869260963, -36.35605605814055 -6.512097367599381, -36.35598302779448 -6.512171266690586, -36.35594900913941 -6.512283414847673, -36.35647466197605 -6.51240798264223, -36.3572188977339 -6.511372478057353)))"
12912335,6600,PD,SE CUITÉ, ,0.0028782910849223277,5.176219907250129e-07,"MULTIPOLYGON (((-36.15821867355288 -6.4779725071254575, -36.157544468002754 -6.478218147949121, -36.15778096272123 -6.478884078837098, -36.158464314376545 -6.47866761831591, -36.15821867355288 -6.4779725071254575)))"
12912336,6600,PD,SE PEDRA LAVRADA, ,0.0022800352955011753,3.357343713589616e-07,"MULTIPOLYGON (((-36.46773416929642 -6.754025384264025, -36.46773416929642 -6.754025384264025, -36.46716149720527 -6.753808852696352, -36.46704692447594 -6.75409257351339, -36.46715310023535 -6.754414767327603, -36.46719100935758 -6.7544786776488195, -36.46749785714036 -6.754597669646671, -36.46773416929642 -6.754025384264025)))"
12912337,6600,PD,SE MATARACA, ,0.0028967034808093694,4.477155266052323e-07,"MULTIPOLYGON (((-35.05899926030759 -6.592707732275983, -35.058824829602145 -6.5926587003386885, -35.05836903610208 -6.592821066638862, -35.05821590134275 -6.593251707899981, -35.05829152443425 -6.593286963122807, -35.05819723411503 -6.593512116490956, -35.058565532573255 -6.593662952583145, -35.05899926030759 -6.592707732275983)))"
35863491,6600,PD,SE BOA VISTA, ,0.002655295075663263,4.2193361276178294e-07,"MULTIPOLYGON (((-36.24166078391801 -7.288783558914076, -36.24167665515347 -7.288807328895075, -36.24166510695909 -7.288860749523906, -36.24162116338596 -7.288884425975425, -36.241553431845375 -7.289201886657679, -36.24227949859994 -7.289253664225157, -36.24242686061109 -7.288685317873046, -36.24170542536507 -7.288630948459456, -36.24166078391801 -7.288783558914076)))"
58561573,6600,PD,SE POCINHOS, ,0.002234419520783634,2.89812249618334e-07,"MULTIPOLYGON (((-36.0974548337735 -7.113141160935754, -36.097839544859085 -7.112760235996063, -36.0978321677203 -7.11275395513087, -36.097829468854854 -7.112751589913898, -36.09781156784953 -7.112736028045219, -36.09780396767894 -7.112736432740121, -36.097796365709655 -7.112737198063201, -36.09779283676994 -7.112737446276071, -36.09777254536664 -7.1127424689897225, -36.09775784684712 -7.11274978497454, -36.09772724741447 -7.112711196864211, -36.09774200349062 -7.112665844952744, -36.097742921698455 -7.112649317212174, -36.09773633146648 -7.112632923470585, -36.09754315888961 -7.112399251724014, -36.09749280045236 -7.112338494425956, -36.097108321391886 -7.11272574519694, -36.0974548337735 -7.113141160935754)))"
125389094,6600,PD,DERIVAÇÃO JAPUNGU, ,0.0024456012651910605,3.7300709471375657e-07,"MULTIPOLYGON (((-35.03649651490218 -6.9844796056492555, -35.03594227531573 -6.984288666988334, -35.035747135022234 -6.984861273428976, -35.03633252712439 -6.985085415959134, -35.03649651490218 -6.9844796056492555)))"
125389096,6600,PD,DERIVAÇÃO POTY, ,0.0011210171933039798,7.817143299870514e-08,"MULTIPOLYGON (((-35.03792369222458 -7.4931737870405755, -35.03815594484092 -7.493049534008719, -35.03801777210248 -7.492780072842038, -35.03779131201941 -7.492913673427267, -35.03792369222458 -7.4931737870405755)))"
125389097,6600,PD,DERIVAÇÃO VÁRZEA DE SOUZA, ,0.0010827677658020933,7.326595622617283e-08,"MULTIPOLYGON (((-38.169459137529145 -6.88353356941866, -38.16935865447829 -6.8832852890847676, -38.16910604930467 -6.883390767869571, -38.169210602687144 -6.8836404124750175, -38.169459137529145 -6.88353356941866)))"
157319343,6600,PD,DERIVAÇÃO TEXNOR, ,0.0010540246031552505,6.81775902728906e-08,"MULTIPOLYGON (((-34.9884958518021 -7.146883046915036, -34.98827577870418 -7.146932477251994, -34.98832747713129 -7.1472303686865075, -34.9885537996181 -7.147168810092467, -34.9884958518021 -7.146883046915036)))"
12873469,6600,O,MEDIÇÃO - NOVA CRUZ, ,0.00043755622177763583,1.1784981205888199e-08,"MULTIPOLYGON (((-35.440057158511024 -6.488371860772702, -35.439939926486375 -6.4883546027826355, -35.43994843946888 -6.488479083342952, -35.440051837222484 -6.488461029452878, -35.440057158511024 -6.488371860772702)))"
157491038,6600,PD,DERIVAÇÃO INDAIÁ SANTA RITA, ,0.001375954379016111,1.0566123838254735e-07,"MULTIPOLYGON (((-35.031502966288826 -7.221821497164342, -35.031563175899805 -7.221394610572759, -35.03132886833254 -7.221319740213801, -35.031279214963774 -7.221790037979815, -35.031502966288826 -7.221821497164342)))"
157551154,6600,PD,DERIVAÇÃO CAGEPA GRAMAME, ,0.0012289576143758429,9.616542814968825e-08,"MULTIPOLYGON (((-34.92957798563549 -7.2398716541534895, -34.92939944412899 -7.2399002840708135, -34.929303351568365 -7.239934705622147, -34.9293090838471 -7.239960474796021, -34.929322045775734 -7.240056602430229, -34.92937252382285 -7.240140883295055, -34.92952887995381 -7.240298573120583, -34.92955686056064 -7.24030216231489, -34.92958030948364 -7.240297138701919, -34.929643190081094 -7.240197810380607, -34.92957798563549 -7.2398716541534895)))"
157624152,6600,PD,DERIVAÇÃO SANTA MARTA, ,0.0010032145652150613,5.6296241071618373e-08,"MULTIPOLYGON (((-34.901681066128276 -7.195083161658545, -34.90143800725821 -7.1951555157144185, -34.9014946780369 -7.195334054522959, -34.90158431616322 -7.195302734733389, -34.90160530004454 -7.195370597574993, -34.901749731165125 -7.19531459409319, -34.901681066128276 -7.195083161658545)))"
188425020,6600,O,Medição de Fronteira Mauriti, ,0.00045157118119953916,1.2719275493577991e-08,"MULTIPOLYGON (((-38.55207403199091 -7.3177649034275305, -38.551960965625995 -7.317764791012223, -38.551970903134645 -7.3178847452847435, -38.55207754474287 -7.317875986787328, -38.55207403199091 -7.3177649034275305)))"
245930311,6600,PD,SED SOLEDADE, ,0.001976799580025173,2.0722863638873845e-07,"MULTIPOLYGON (((-36.363604339668484 -7.072411678456149, -36.363606662617315 -7.072644979682025, -36.363645569987 -7.0726410595372045, -36.36370422197223 -7.072627993287199, -36.36373859046353 -7.072620851770864, -36.36375590511091 -7.072616524233183, -36.36377071334772 -7.0726052008693046, -36.36377535834606 -7.072595328111845, -36.363776810751176 -7.0725819722801475, -36.36377971376271 -7.0725662926003, -36.36383488177432 -7.072566003018551, -36.36384156013986 -7.072579939812329, -36.36385288350374 -7.072590102151423, -36.36386565927273 -7.07259445756813, -36.36387785407965 -7.072593006062334, -36.36392140734705 -7.072586037215785, -36.36396118615977 -7.072578197825521, -36.36399196365818 -7.072571519459984, -36.36407849013017 -7.072562227664605, -36.36407326327043 -7.072446376099322, -36.36408052259799 -7.072280583382167, -36.36407471477622 -7.072270711524084, -36.36406251996925 -7.072264033158547, -36.36403813035537 -7.072266065626366, -36.36403493686282 -7.07221322056364, -36.364049744200315 -7.072210607133741, -36.36406426195606 -7.072205381173376, -36.364072682308404 -7.072196379859008, -36.36407645766235 -7.072187959506664, -36.364080232116976 -7.072178959091616, -36.364082555065806 -7.072103756882825, -36.363868272702575 -7.072143970967431, -36.36361217905875 -7.072195073144087, -36.363604339668484 -7.072411678456149)))"
325807250,6600,PD,SEDE EPB, ,0.00041275731260900566,9.786254652026503e-09,"MULTIPOLYGON (((-34.87742197084725 -7.168767760223886, -34.877433330183976 -7.168840678154709, -34.87756395131527 -7.168822090966671, -34.877553769191024 -7.168748912232445, -34.87742197084725 -7.168767760223886)))"
422267667,6600,PD,SE BAYEUX, ,0.0016983762262958468,1.64825206275346e-07,"MULTIPOLYGON (((-34.935877534220765 -7.136774315482228, -34.93580518646013 -7.136782701660309, -34.935724283448906 -7.136736869510855, -34.935733715538504 -7.136691834160786, -34.935526981185205 -7.136572702767978, -34.93532489452821 -7.136949917104971, -34.93567552670413 -7.137142506921123, -34.935877534220765 -7.136774315482228)))"
476234715,6600,PD,SE ALTIPLANO, ,0.0017990743050978063,1.901290131487952e-07,"MULTIPOLYGON (((-34.821871125052326 -7.142171324247158, -34.82151914389334 -7.142157303816475, -34.82149740098424 -7.1427006184387665, -34.82162399854866 -7.142705647447599, -34.82183548312099 -7.142733280016785, -34.821871125052326 -7.142171324247158)))"
613174617,6600,PD,SE CATOLE  - 69/13.8 KV, ,0.0032087437773764054,5.738048978582262e-07,"MULTIPOLYGON (((-35.88381756412923 -7.247632129818896, -35.883536232810854 -7.247594701833975, -35.88343107418467 -7.248666808826101, -35.88397327184896 -7.248705665833768, -35.88406929785975 -7.247659148151115, -35.88381756412923 -7.247632129818896)))"
613174618,6600,PD,SE CAMPINA GRANDE I - 69/13.8 KV, ,0.003612193352153154,8.152290476351022e-07,"MULTIPOLYGON (((-35.867966948315996 -7.22957389961573, -35.86744553488347 -7.230303136480529, -35.86815136599273 -7.230834868734178, -35.86870769650295 -7.23009214113938, -35.867966948315996 -7.22957389961573)))"
613174619,6600,PD,SE BELA VISTA - 69/13.8 KV, ,0.0037586455737581292,7.316750523013382e-07,"MULTIPOLYGON (((-35.904087658018966 -7.220805319909516, -35.90393445940771 -7.220195646112131, -35.90373701774911 -7.220245587264003, -35.903755309959536 -7.220299302870501, -35.90353594642676 -7.220355050944818, -35.90352538478862 -7.220311425731666, -35.902758411471495 -7.2205065444414345, -35.90292217172083 -7.221091030026969, -35.904087658018966 -7.220805319909516)))"
613174620,6600,PD,ALTO BRANCO, ,0.0024718725756014952,3.9762347413695224e-07,"MULTIPOLYGON (((-35.872666471680304 -7.204050567079946, -35.872500378589564 -7.204160895009238, -35.87229834679124 -7.204579083357942, -35.87284181249959 -7.204872844206363, -35.87315311552379 -7.204321175781615, -35.872666471680304 -7.204050567079946)))"
613174622,6600,PD,"SE - CAMPINA GRANDE II - 69/13,8", ,0.015125340828093872,1.1479879116237013e-05,"MULTIPOLYGON (((-35.90738007782829 -7.263750778675444, -35.90749057752811 -7.2674323081544685, -35.907455098374044 -7.26748779992198, -35.90746380561012 -7.267709078111409, -35.90749971284146 -7.267736421998222, -35.90750133701704 -7.2677899091769405, -35.90919289793385 -7.267735238490445, -35.90920964331036 -7.268024770726527, -35.90992285965223 -7.268022860566532, -35.910547001742714 -7.268082669979208, -35.910705273429585 -7.267889628703358, -35.910737449373755 -7.267788045781629, -35.9106589655388 -7.267134240452776, -35.91053537710593 -7.267136830500306, -35.91036042119646 -7.2670313058500255, -35.91028572170865 -7.266961874590777, -35.91023202678656 -7.266837033402339, -35.910120400236224 -7.264600503110671, -35.909579262872626 -7.2646265330880055, -35.909570584414894 -7.264109603675195, -35.90929921308816 -7.2641077537697925, -35.909205152096035 -7.263390611887189, -35.90738007782829 -7.263750778675444)))"
613174623,6600,PD,SE_QUEIMADAS, ,0.0017616427329075332,1.9270399645150542e-07,"MULTIPOLYGON (((-35.9170891955099 -7.3717123506444295, -35.91669547411681 -7.371627857539522, -35.91656655630146 -7.372077327906311, -35.9169681179842 -7.372174887261167, -35.9170891955099 -7.3717123506444295)))"
613174624,6600,PD,SE AEREO CLUBE, ,0.0024891470257717885,3.892784832581613e-07,"MULTIPOLYGON (((-35.89272794533838 -7.26374688281237, -35.892754514009596 -7.26348754981052, -35.892119289573486 -7.263424030694409, -35.89204727366268 -7.2640175400773614, -35.892675484286144 -7.2641014261398595, -35.892701123058316 -7.2639379257946075, -35.89272794533838 -7.26374688281237)))"
613174629,6600,PD,SE BORBOREMA, ,0.0016369993038551699,1.6481917183035606e-07,"MULTIPOLYGON (((-35.93776172342473 -7.231797364556655, -35.93776934158183 -7.231432200235815, -35.93729517852961 -7.231416816432898, -35.93732963515447 -7.231780095774752, -35.93776172342473 -7.231797364556655)))"
613174631,6600,PD,SE ALPARGATAS, ,0.001014052156482465,6.347874603365834e-08,"MULTIPOLYGON (((-35.89130673861507 -7.266389376968107, -35.891032657631 -7.26637421799569, -35.89099664967557 -7.266598347935371, -35.89127648002551 -7.266619327320029, -35.89130673861507 -7.266389376968107)))"
12873412,6600,PD,SE TAMBAÚ, ,0.003106904227913412,3.8747977460233683e-07,"MULTIPOLYGON (((-34.834435694551644 -7.115528173886048, -34.83445547693867 -7.115348081049035, -34.83445547424071 -7.115328411976577, -34.83443573592041 -7.115293586629662, -34.83440146185791 -7.11526801440732, -34.83435098920677 -7.1152558303921865, -34.834174372249436 -7.11519893028634, -34.83341486330528 -7.114843542495464, -34.833410800168224 -7.114993371346941, -34.83357625204235 -7.115176306940953, -34.83372553050879 -7.115309832882417, -34.83383876594627 -7.115383575491592, -34.83420095081317 -7.115706420414938, -34.83424881273248 -7.115777679096539, -34.83428666339876 -7.115827283901979, -34.83431918827989 -7.115846434065645, -34.834355846445135 -7.115808057295965, -34.834435694551644 -7.115528173886048)))"
12873413,6600,PD,SE SAPÉ, ,0.0036791807251233357,8.485018766840518e-07,"MULTIPOLYGON (((-35.222429840664574 -7.086947672497047, -35.22150825230398 -7.086985998904652, -35.22152349581262 -7.087560466941966, -35.22153177137409 -7.08788232620833, -35.22154919214148 -7.0878940857434145, -35.221570969224786 -7.087900183146871, -35.22160058569841 -7.08789887643195, -35.2219472698506 -7.087879712778488, -35.222462941111814 -7.087871002844452, -35.222429840664574 -7.086947672497047)))"
12873414,6600,PD,SE CRUZ DO PEIXE, ,0.003035756346279236,4.57505289937141e-07,"MULTIPOLYGON (((-34.86762063848164 -7.1183229700289985, -34.86728913758361 -7.11790819640612, -34.86655733765099 -7.11840504215894, -34.86659022675752 -7.1184545111667035, -34.866644685203994 -7.118536385445793, -34.86654230458362 -7.11860079579003, -34.86648600522494 -7.118643602620125, -34.86648763119916 -7.1186436170092975, -34.8671561332489 -7.118657989074904, -34.867156494776395 -7.118657991772864, -34.86716738106975 -7.118652765812442, -34.8671955064674 -7.118639122197692, -34.86722118211185 -7.118626628815832, -34.867226352314276 -7.118624239317171, -34.86724199422264 -7.118622574672031, -34.867254495698376 -7.1185883995349855, -34.867298154186415 -7.118534832316584, -34.86748778613236 -7.118400822539854, -34.867502987372916 -7.11840799643187, -34.86753136637941 -7.118406356068419, -34.86758573399436 -7.118367320995048, -34.867595371129426 -7.118360369235631, -34.86761606093245 -7.118329696058595, -34.86762063848164 -7.1183229700289985)))"
12873415,6600,PD,SE MUSSURE I, ,0.004793521321308093,1.1459117733391418e-06,"MULTIPOLYGON (((-34.89410100525714 -7.180234083036453, -34.894290779296 -7.179595222641353, -34.894304841994824 -7.179548427318025, -34.89369897322899 -7.178895490734249, -34.893528952798874 -7.179417225224711, -34.89358725674646 -7.179433989486995, -34.89356147138477 -7.179508470439487, -34.89351414276342 -7.179507054007274, -34.893155178368715 -7.18062515502686, -34.89333814633835 -7.1808345100045585, -34.89343609959627 -7.180842516668747, -34.89410100525714 -7.180234083036453)))"
12873416,6600,PD,SE ILHA DO BISPO, ,0.0032705473289092067,6.604397828311392e-07,"MULTIPOLYGON (((-34.904891607161915 -7.131051113617957, -34.904266590930376 -7.130408063281436, -34.90375207439865 -7.130900231660291, -34.904363753684265 -7.131580069664437, -34.904891607161915 -7.131051113617957)))"
12873417,6600,PD,SE SANTA RITA, ,0.0025937351888419852,3.933121608695944e-07,"MULTIPOLYGON (((-34.9629699454066 -7.118067927692664, -34.962821128292376 -7.117998587264935, -34.96233811501196 -7.118034884802057, -34.962442934593696 -7.118754382908378, -34.96264053992894 -7.118699618692403, -34.96261670249879 -7.118646529913406, -34.96266689995741 -7.118619355099099, -34.96270831733494 -7.118666190891929, -34.96303508060447 -7.118552996823325, -34.9629699454066 -7.118067927692664)))"
12873418,6600,PD,SE BESSA, ,0.0032277711223291164,4.722701836668244e-07,"MULTIPOLYGON (((-34.85061705493308 -7.086166322617657, -34.85038247397193 -7.08615754793243, -34.850325715959 -7.0862118993596255, -34.85028856496524 -7.0861445275478445, -34.85021635749888 -7.086138829443371, -34.85013769559811 -7.0873372534114765, -34.85048281492993 -7.087358025052765, -34.8505024687139 -7.087281416304279, -34.850544373523974 -7.087251835803556, -34.85061705493308 -7.086166322617657)))"
12873419,6600,PD,SE ITABAIANA, ,0.0023469644955197515,3.340953211340939e-07,"MULTIPOLYGON (((-35.33829813605007 -7.338343950412934, -35.33781558771915 -7.338459721938591, -35.33797874092613 -7.339107808478559, -35.338479981665785 -7.338984336058218, -35.33832587294063 -7.338479414393419, -35.33829813605007 -7.338343950412934)))"
12873420,6600,PD,SE CABEDELO, ,0.0035057334347754626,7.607392020617513e-07,"MULTIPOLYGON (((-34.84008792821527 -7.0267588961061165, -34.839456088827376 -7.026924528743962, -34.83927687462801 -7.026959387365764, -34.83921971012148 -7.026989556023125, -34.839579458724984 -7.027785576543067, -34.84044153714717 -7.027504245224691, -34.84008792821527 -7.0267588961061165)))"
12873421,6600,O,MEDIÇÃO CELP/SAELPA, ,0.0005129121456443148,1.6013416557238954e-08,"MULTIPOLYGON (((-35.509323378670956 -7.497116678391933, -35.509177067067924 -7.497118675786226, -35.509204910078495 -7.497235015683373, -35.509342975797665 -7.4972232912218715, -35.509323378670956 -7.497116678391933)))"
12873423,6600,PD,DERIVAÇÃO MANAIRA SHOPPING, ,0.0011330677739233366,5.3860158861558865e-08,"MULTIPOLYGON (((-34.84752136811659 -7.099518022838424, -34.847539302396854 -7.099341517397079, -34.84737152397662 -7.099296163686972, -34.8473685858915 -7.099261309561712, -34.84719843775764 -7.099218369632013, -34.84715664896015 -7.099375712319215, -34.84746736832432 -7.09944598804185, -34.84752136811659 -7.099518022838424)))"
12873424,6600,O,CERAMICA ELIZABETH  PARTICULAR, ,0.000266173989811777,4.4189055449520015e-09,"MULTIPOLYGON (((-34.90857265370494 -7.180140662361623, -34.908573222076484 -7.180077143245512, -34.908503659516214 -7.180076521813987, -34.90850309114472 -7.180140040930098, -34.90857265370494 -7.180140662361623)))"
12873425,6600,PD,SE CATOLE DO ROCHA, ,0.0038531635484538368,7.84865405412458e-07,"MULTIPOLYGON (((-37.74419297232777 -6.347911206536878, -37.74418592793819 -6.347871123753293, -37.74424642353358 -6.347825507441144, -37.74419406860136 -6.3473469494021515, -37.743301436611944 -6.347481259552467, -37.743356066828994 -6.347916049386129, -37.743419514898676 -6.348405035064275, -37.74380665954965 -6.348340947576617, -37.74410849091407 -6.3483799367846245, -37.74406321634433 -6.348038412942344, -37.74428414739543 -6.348000421082531, -37.744269869758625 -6.3479237835557, -37.74419297232777 -6.347911206536878)))"
12873426,6600,PD,SE PAULISTA, ,0.0025432865812239805,3.6115748061771996e-07,"MULTIPOLYGON (((-37.61234992231101 -6.603468891276236, -37.612039681386136 -6.603028783751313, -37.61161114633728 -6.603595431284077, -37.611901325185954 -6.60402996750895, -37.61199867320016 -6.603919274454881, -37.611980988032144 -6.603904845732018, -37.611970188073656 -6.603886005834454, -37.612014700018335 -6.603847423120044, -37.61203340591692 -6.603852721026215, -37.612049878798814 -6.6038478826736196, -37.61206074800509 -6.603841944450153, -37.61234992231101 -6.603468891276236)))"
12873427,6600,PD,SE TEIXEIRA, ,0.0026544210491379287,3.8194321210609257e-07,"MULTIPOLYGON (((-37.24387241448028 -7.2228734494501055, -37.24372672880543 -7.2223108128936815, -37.243199442800005 -7.222440892633017, -37.243079235818016 -7.223072124978557, -37.243213380493046 -7.223036701582487, -37.24338788404356 -7.22298922906964, -37.243426936204116 -7.22298037254609, -37.24346729597886 -7.22297108165003, -37.24349052456802 -7.222957580128195, -37.243503880399714 -7.222942626201188, -37.24351273692321 -7.222928398926399, -37.24351230075206 -7.222912864936745, -37.243505768076716 -7.222889056284885, -37.24361966001925 -7.222861108952941, -37.24363229009805 -7.2228714169822865, -37.24365188992272 -7.222880563087472, -37.243682812211944 -7.222890725426566, -37.243705605529215 -7.22289682283008, -37.24371968711381 -7.222901323936924, -37.243736673508636 -7.222904372638652, -37.24387241448028 -7.2228734494501055)))"
12873428,6600,PD,SE - SÃO BENTO, ,0.0026133880760457993,3.9153443727301816e-07,"MULTIPOLYGON (((-37.446145034165966 -6.50923769436406, -37.44589329593879 -6.509233338947411, -37.44594207606593 -6.509948484335041, -37.44647952351113 -6.509980061330737, -37.4464814840332 -6.509907109225651, -37.44643662405093 -6.509911028471151, -37.446434882064125 -6.50985615183987, -37.44646558671741 -6.509848965357435, -37.44647407991482 -6.509834157120622, -37.44644381053337 -6.5092490186272585, -37.446145034165966 -6.50923769436406)))"
12873429,6600,PD,SE POMBAL, ,0.0027875233414468505,4.31037558987151e-07,"MULTIPOLYGON (((-37.809938542729526 -6.778759678616211, -37.80952598233819 -6.777905985472785, -37.809120959164886 -6.778110746713537, -37.809499741919524 -6.778939576300331, -37.809938542729526 -6.778759678616211)))"
12873430,6600,PD,SE JERICO, ,0.003673772798371046,8.432766305861775e-07,"MULTIPOLYGON (((-37.79660168761774 -6.563609476795875, -37.79571922696073 -6.563901292410662, -37.79603043555613 -6.564760965146377, -37.7968937739285 -6.564486106248751, -37.79660168761774 -6.563609476795875)))"
12873431,6600,PD,SE CAJAZEIRAS, ,0.0038484114672478037,8.803021504501631e-07,"MULTIPOLYGON (((-38.551592844334266 -6.891759660080197, -38.55124161141117 -6.891991714845744, -38.551244916419705 -6.892039027279225, -38.551213575945724 -6.8920625166717855, -38.55117476930013 -6.892037332956477, -38.55068694824405 -6.892365777958219, -38.55069218139903 -6.8923841457117305, -38.55065830753483 -6.8924067276882965, -38.55067364996893 -6.892454413340431, -38.55108586681928 -6.893113149652095, -38.551871393150236 -6.892589776596878, -38.551592844334266 -6.891759660080197)))"
12873432,6600,PD,SE PIANCO, ,0.0029355271346936007,5.558430773024273e-07,"MULTIPOLYGON (((-37.967823916840246 -7.213762652524338, -37.96733595908722 -7.213558953382972, -37.96690471977695 -7.213864132923334, -37.96680214580232 -7.214167432880686, -37.96754591661073 -7.2144664053003, -37.967823916840246 -7.213762652524338)))"
12873433,6600,PD,SE ITAPORANGA, ,0.003626487132109415,8.166832802842991e-07,"MULTIPOLYGON (((-38.127128320415636 -7.3002409154858015, -38.1265002815627 -7.2999688525804345, -38.12644583930398 -7.2999762566988124, -38.12642246592401 -7.2999295090395435, -38.12629529009553 -7.2998956828394626, -38.12592479639221 -7.300700548191685, -38.12674766437317 -7.301072202919784, -38.127128320415636 -7.3002409154858015)))"
12873434,6600,PD,SE PRINCESA ISABEL, ,0.0021326525900627635,2.7500717882089945e-07,"MULTIPOLYGON (((-37.997467906118914 -7.746243327367608, -37.99723816171178 -7.7458846660444465, -37.99722255577626 -7.745879221548762, -37.99687587072481 -7.746087696989605, -37.99684335123965 -7.746108021667794, -37.996820703612514 -7.746142865001161, -37.996816638676876 -7.746186998331268, -37.99682418758613 -7.746220098778508, -37.99683405944427 -7.746241585380801, -37.99673766201346 -7.746306044288474, -37.99692803859807 -7.746593205911665, -37.997467906118914 -7.746243327367608)))"
12873435,6600,PD,SE SAO JOAO DO RIO DO PEIXE, ,0.003623711494459146,8.201175912384744e-07,"MULTIPOLYGON (((-38.45502586435214 -6.7259938686220835, -38.45478952251841 -6.725103150390055, -38.45394208955577 -6.725328075330367, -38.45416610708014 -6.726233615289061, -38.45502586435214 -6.7259938686220835)))"
12873436,6600,PD,SE IBIARA, ,0.0014207602963753326,1.1716995110635125e-07,"MULTIPOLYGON (((-38.40553900502101 -7.495013617384473, -38.40509795500657 -7.494903572741634, -38.405027108214426 -7.495165763788918, -38.40541066726843 -7.49525548375351, -38.40542271728452 -7.495202421054842, -38.405451171834045 -7.495202421054842, -38.40546917446278 -7.495197484676112, -38.405484853243365 -7.495178611503661, -38.40549966148018 -7.495153060864993, -38.40550532361175 -7.495121629559492, -38.40553900502101 -7.495013617384473)))"
12873437,6600,PD,SE BREJO DO CRUZ, ,0.0032841073790612725,7.299015494134097e-07,"MULTIPOLYGON (((-37.50007352007685 -6.344718586293652, -37.499999353887006 -6.344204358444358, -37.499358887302776 -6.344105018431833, -37.49908529285193 -6.344852185080242, -37.49909850479213 -6.34490919490338, -37.49911741393748 -6.344934209546068, -37.49913612253397 -6.344965914245506, -37.4999102130858 -6.345085808263377, -37.49995794999933 -6.3450502256873165, -37.50007352007685 -6.344718586293652)))"
12873438,6600,PD,SE JATOBA, ,0.00239368479924268,3.5229974416198734e-07,"MULTIPOLYGON (((-37.27921517464057 -7.050737446076255, -37.279222446558606 -7.050778071151001, -37.27927006476165 -7.05104471294311, -37.27928873198937 -7.051063227286079, -37.279309306679124 -7.0510797595232475, -37.27933796087814 -7.051212330384715, -37.27992617235492 -7.0510650331247575, -37.2797693998379 -7.050430704413429, -37.27921517464057 -7.050737446076255)))"
12873439,6600,PD,SE PATOS, ,0.0035453307268772235,8.057453106990686e-07,"MULTIPOLYGON (((-37.29872423163795 -7.0059786518932015, -37.29820103934645 -7.005208182911247, -37.29745619564687 -7.005740414288653, -37.29788007760345 -7.006369287712403, -37.298402871495284 -7.00620164149251, -37.29872423163795 -7.0059786518932015)))"
12873440,6600,PD,SE SOUZA, ,0.003367215871659671,6.256692858673011e-07,"MULTIPOLYGON (((-38.255499555659924 -6.779646617897072, -38.25493684715775 -6.779680299306335, -38.254937428119774 -6.779820250903811, -38.25493394324684 -6.779995624998037, -38.25492465235078 -6.78019422858074, -38.2549153605554 -6.780777842723239, -38.25493626619567 -6.780776681698455, -38.25546355220115 -6.780802813299147, -38.2554798119437 -6.780322565434005, -38.255499555659924 -6.779646617897072)))"
12873441,6600,O,MEDIÇÃO ST-MÃE D' AGUA, ,0.00046194402225027947,1.3162949223260394e-08,"MULTIPOLYGON (((-37.2030995819801 -7.306083033804896, -37.20298097309342 -7.306078493127927, -37.203007071419165 -7.306209788750721, -37.20310739529003 -7.306189845385006, -37.2030995819801 -7.306083033804896)))"
12873443,6600,O,SE BONITO DE SANTA FÉ, ,0.00033528079604273854,6.542753078933002e-09,"MULTIPOLYGON (((-38.51979760027899 -7.317196071441515, -38.519714251111736 -7.317195530948936, -38.51975899508153 -7.317290827609554, -38.51981744022265 -7.3172812111589, -38.51979760027899 -7.317196071441515)))"
12873444,6600,O,SE - COREMAS - CHESF, ,0.006892364264730222,1.5802990685438357e-06,"MULTIPOLYGON (((-37.95436861022313 -7.015328564161848, -37.9543479626883 -7.016346384478027, -37.955427293035086 -7.016393648348128, -37.95537777906122 -7.016594597362712, -37.95636130912709 -7.016612161122282, -37.95637511821707 -7.016386983472444, -37.956276246751315 -7.016353841656439, -37.95631079870435 -7.015919873803114, -37.95528394020164 -7.015806793948343, -37.95527072016756 -7.016051780065538, -37.955144639713296 -7.0160415502772935, -37.95515007071913 -7.0153924394094815, -37.95436861022313 -7.015328564161848)))"
12873445,6600,O,SE TABIRA - PE, ,0.0005047328540285386,1.5813129524284578e-08,"MULTIPOLYGON (((-37.614766992402735 -7.514952044900895, -37.61463215974635 -7.5149510763310445, -37.614654925184595 -7.515087338909495, -37.614768707409894 -7.515068436059437, -37.614766992402735 -7.514952044900895)))"
12873446,6600,PD,SE SUME, ,0.0027019084108762066,4.252238223783934e-07,"MULTIPOLYGON (((-36.87247719836398 -7.66948356651335, -36.87173123141116 -7.669893530561922, -36.871965465233984 -7.67033094191936, -36.87271521293667 -7.6699260590403355, -36.87247719836398 -7.66948356651335)))"
12873447,6600,PD,SE RIACHAO, ,0.0030389503775523864,5.410633253631476e-07,"MULTIPOLYGON (((-35.662921547891074 -7.24692615661678, -35.66274520702564 -7.24664228381431, -35.66202828187966 -7.246327888920916, -35.66174467167923 -7.246941803021741, -35.662607435384814 -7.247113859516958, -35.662921547891074 -7.24692615661678)))"
12873448,6600,PD,SE  BANANEIRAS, ,0.001716510170588277,1.7445412679920736e-07,"MULTIPOLYGON (((-35.6449695015412 -6.75980379910601, -35.64477422275212 -6.759811392981362, -35.644701844414556 -6.759852977632761, -35.64467750336405 -6.759897873587931, -35.644611377113335 -6.7598974176316915, -35.64458771774895 -6.760275557371017, -35.64493243778173 -6.760383055133843, -35.6449695015412 -6.75980379910601)))"
12873449,6600,PD,SE JACARAÚ, ,0.002530686376445294,3.84713452616723e-07,"MULTIPOLYGON (((-35.28163737846222 -6.623157225425587, -35.28110271621733 -6.6236295052974015, -35.28139081313549 -6.6240976617776255, -35.28187457105457 -6.623695775439614, -35.28184523966604 -6.623634169181514, -35.281892132116184 -6.623605181334028, -35.28163737846222 -6.623157225425587)))"
12873450,6600,PD,SE AROEIRAS, ,0.0025994962384991768,3.603308655999253e-07,"MULTIPOLYGON (((-35.72724816257261 -7.556654767403529, -35.72685074676451 -7.556595338404122, -35.72678980240744 -7.55717623209739, -35.726658017553405 -7.5573935316861025, -35.726736780178214 -7.557450569388209, -35.72718165860664 -7.557468991101018, -35.72724816257261 -7.556654767403529)))"
12873451,6600,PD,SE SAO JOAO DO CARIRI, ,0.0035572246108772567,7.907826097677316e-07,"MULTIPOLYGON (((-36.52627641562401 -7.383965457040176, -36.525471448648375 -7.383567497142224, -36.52507289609724 -7.384354269933567, -36.52586653701104 -7.384753975415606, -36.52627641562401 -7.383965457040176)))"
12873452,6600,PD,SE PILÕES, ,0.005271784853430622,1.448541006805164e-06,"MULTIPOLYGON (((-35.60476348114969 -6.870988071842021, -35.60437204673252 -6.871599277184828, -35.60400003947018 -6.872172059892591, -35.604560819825906 -6.872487500697559, -35.60482127068502 -6.872647382170896, -35.60523473129774 -6.871963095220622, -35.60506562278022 -6.871855335755072, -35.60522484415117 -6.871739340298291, -35.60533654354663 -6.8716733966099355, -35.605609596605575 -6.8711401867701625, -35.60497851084955 -6.870812961249101, -35.60476348114969 -6.870988071842021)))"
12873453,6600,PD,SE JUAZEIRINHO, ,0.0037608499734105467,7.005009038936895e-07,"MULTIPOLYGON (((-36.570499215666246 -7.067445149973651, -36.56917606742155 -7.0667883265199976, -36.56896199370101 -7.06734566696889, -36.56983541167489 -7.067742382205154, -36.570499215666246 -7.067445149973651)))"
12873454,6600,PD,SE GUARABIRA, ,0.0026005670150442604,4.2236039945133446e-07,"MULTIPOLYGON (((-35.47834632702131 -6.876768340186686, -35.478345309888084 -6.87674693362402, -35.47790417084076 -6.876265582290728, -35.47749014725247 -6.876628039652246, -35.47754385026843 -6.876831413239074, -35.477635707022216 -6.87694522694062, -35.477826469416016 -6.8771848252194445, -35.47815360140754 -6.876917348856523, -35.478167670401604 -6.876896233674188, -35.47817958282144 -6.876861287818144, -35.4782121832456 -6.876863423708016, -35.47823117782656 -6.876848214373524, -35.478253804769224 -6.87686725212194, -35.478345166895906 -6.876790905076177, -35.47834632702131 -6.876768340186686)))"
12873456,6600,PD,SE DONA INÊS, ,0.0019313189494780817,1.8804505132093084e-07,"MULTIPOLYGON (((-35.626327506109476 -6.61446924026319, -35.62656074078552 -6.614408783338661, -35.62642497373349 -6.613801085351781, -35.62607151408906 -6.613877794824305, -35.626075810150496 -6.613883513613189, -35.626228581583746 -6.614287864093626, -35.62629739680739 -6.614274965117488, -35.626327506109476 -6.61446924026319)))"
12873458,6600,PD,SE AREIA, ,0.004124676814536815,9.927131981029895e-07,"MULTIPOLYGON (((-35.70570484180496 -6.973843108872302, -35.70668802563182 -6.973151125523998, -35.706213398529485 -6.972492947691364, -35.706034091699905 -6.972502985024676, -35.705900781595744 -6.972475772438884, -35.70580614683615 -6.972449914232129, -35.70568711706676 -6.972435626702747, -35.7056497682222 -6.972438437084179, -35.70559533675532 -6.972596196157497, -35.705543713871236 -6.973360521870518, -35.70559026907563 -6.97355339497318, -35.705709288952505 -6.973620787469315, -35.70563687014538 -6.973675282788008, -35.70570484180496 -6.973843108872302)))"
12873459,6600,PD,SE ESPERANCA, ,0.002621806627634921,3.92624289738954e-07,"MULTIPOLYGON (((-35.86551651517499 -7.027331373044376, -35.866094837706555 -7.02664902683108, -35.86574952771849 -7.026357035848491, -35.86523541408303 -7.026982996368133, -35.86538387866301 -7.0272510878673415, -35.86548498584335 -7.027327819822972, -35.86551651517499 -7.027331373044376)))"
12873460,6600,PD,SE BOQUEIRAO, ,0.0016720725299762848,1.3450539389857567e-07,"MULTIPOLYGON (((-36.136225374301546 -7.485200198130599, -36.135915682862446 -7.485215169144681, -36.13588596206745 -7.485510593738866, -36.13607952584937 -7.485521068142759, -36.136083298505355 -7.485719677121381, -36.136249048055106 -7.485705938178455, -36.136225374301546 -7.485200198130599)))"
12873461,6600,O,MEDIÇAO - SE SURUBIM, ,0.0004599305534401043,1.2506174794141959e-08,"MULTIPOLYGON (((-35.74523165731512 -7.725397498295877, -35.74511162210365 -7.725394234656164, -35.74512738002454 -7.725488282158437, -35.74525907764428 -7.725505723610183, -35.74523165731512 -7.725397498295877)))"
12873465,6600,O,MEDIÇÃO ST-SAMAMBAIA, ,0.00037108081866711796,8.39222318141454e-09,"MULTIPOLYGON (((-35.92314668437194 -7.7882724695987235, -35.92304549984988 -7.788262339635196, -35.9230565354307 -7.788363409044052, -35.92312241706583 -7.788370933671615, -35.92314668437194 -7.7882724695987235)))"
12873466,6600,O,MEDIÇÃO - POVOADO DE BOQUEIRÃO, ,0.0006390065836723164,2.5266263075727257e-08,"MULTIPOLYGON (((-35.42672928492851 -6.489174897803252, -35.426557992857056 -6.489168993753992, -35.42658734313136 -6.489333526520966, -35.426730522395644 -6.489332190128437, -35.42672928492851 -6.489174897803252)))"
12873470,6600,O,MEDIÇÃO - NORETE, ,0.0005241704655159518,1.653999695216352e-08,"MULTIPOLYGON (((-35.445540526474076 -6.490072913134384, -35.445392700412754 -6.490067179956327, -35.44544562641448 -6.4902177957146705, -35.445537323088956 -6.4901949637265375, -35.445540526474076 -6.490072913134384)))"
12873471,6600,O,MED. S/E BOM JARDIM, ,0.0004482172246938755,1.231269559644428e-08,"MULTIPOLYGON (((-35.66172342699451 -7.698032910890106, -35.66160344664172 -7.698024931205566, -35.66162834347324 -7.69815191727713, -35.661734514736 -7.698119873533301, -35.66172342699451 -7.698032910890106)))"
12873474,6600,O,MEDIÇÃO BOM JARDIM, ,0.0004152983633510057,1.0658933177552335e-08,"MULTIPOLYGON (((-35.62788152471256 -7.6710215735867, -35.62777332367989 -7.671013681136401, -35.62778894580316 -7.671121808424687, -35.62788543496481 -7.671122565653832, -35.62788152471256 -7.6710215735867)))"
12873475,6600,O,FIC- PEQUEIRA 2, ,0.00044226292173123443,1.2033496548852354e-08,"MULTIPOLYGON (((-36.67752493692626 -8.127991300558051, -36.67741174555556 -8.12799065394546, -36.67741823866072 -8.128091738642752, -36.677543221042754 -8.128092453603813, -36.67752493692626 -8.127991300558051)))"
